longitude,latitude
-77.459023,39.016363
-122.397923,37.723407
-96.81955,32.800955
-122.160775,37.445896
-121.782967,37.241767
-87.618342,41.85365
-118.2573,34.047501
-74.173402,40.736844
-74.008299,40.717723
-84.39153,33.755456
-79.384128,43.644672
-80.193157,25.782648
-74.003387,40.741469
4.950837,52.356394
-118.255564,34.047942
-121.891649,37.334147
-118.255186,34.048428
-122.390509,37.788669
-0.460224,51.482248
-74.072237,40.778534
-74.003387,40.741469
-0.010775,51.499819
-0.018933,51.496902
-0.014327,51.498842
-0.073777,51.520397
-0.003494,51.510985
-0.010634,51.511364
2.38532,48.856654
2.344236,48.869869
2.257694,48.903746
2.369496,48.902082
4.862905,45.722882
8.73463,50.11967
8.631763,50.099697
8.632004,50.09885
4.951609,52.356353
4.938009,52.303078
4.828711,52.343984
4.770855,52.28415
16.357784,48.214151
16.410613,48.269027
4.476941,50.870502
-96.81955,32.800955
-122.338883,47.614347
2.259202,48.904891
2.369221,48.90407
8.644169,50.096869
2.370417,48.906617
-2.236869,53.463112
-2.247633,53.464393
-0.011758,51.500621
4.838579,52.396814
8.557273,47.432702
8.520255,47.387749
-121.988591,37.376348
-122.338864,47.614358
-77.219692,38.908422
-118.259585,34.048897
4.952501,52.356671
6.86722,51.18827
8.630057,50.096962
11.526173,48.139859
5.624974,52.030762
8.636254,50.103483
6.84964,52.236979
8.623156,50.081709
-74.004561,40.72
-3.660963,40.466022
2.137457,41.351557
-84.39153,33.755456
-9.123454,38.787919
-3.648584,40.536855
7.582093,47.546259
-3.621211,40.439323
151.188025,-33.921868
4.412116,50.857721
2.111883,41.387314
6.144251,46.203607
139.764809,35.686406
127.051167,37.488139
-77.238951,38.931419
-75.161377,39.959668
12.377482,55.728092
-80.194926,25.848356
37.528861,55.652639
6.86728,51.18819
9.103887,45.476177
13.369905,52.465779
17.955657,59.362574
7.478187,46.964845
12.301459,55.662
153.027805,-27.465681
151.207641,-33.872665
144.956726,-37.819171
138.594121,-34.927233
147.328921,-42.881849
-6.41897,53.296306
-46.814577,-23.497589
-123.111935,49.284697
139.749055,35.576366
114.11932,22.365581
-112.072042,33.452003
-121.98778,37.373412
-6.365538,53.334251
-6.439957,53.318647
-3.671891,40.513497
11.17706,49.38991
-86.172275,39.75988
-74.008333,40.717664
-74.003203,40.741355
4.402951,51.264294
11.662742,48.135973
4.455068,50.887474
151.182583,-33.883255
151.197691,-33.875599
151.203797,-33.881547
153.030416,-27.467146
153.03099,-27.459649
144.956817,-37.817684
138.6013,-34.926075
11.063356,49.453955
17.916696,59.422226
103.772471,1.297541
4.414322,51.930359
5.845593,50.995925
14.482978,50.060164
14.451122,50.08103
14.475889,50.078094
14.428607,50.062152
6.86608,51.188
-71.060266,42.354692
6.163425,49.637537
12.377342,55.661921
114.246512,22.266098
5.373865,43.310818
3.090551,50.63768
-0.557421,44.889099
7.781145,48.569149
5.169722,52.241526
4.842597,52.399861
4.788162,52.29257
4.774186,52.259795
6.300252,51.954184
3.887893,43.60956
-0.082993,51.522955
17.943347,59.405682
1.423103,43.620447
-82.994861,39.968171
-3.295901,55.930562
6.81752,51.267301
-122.680792,45.521366
8.601436,50.128192
-74.06912,40.78616
103.789842,1.295229
-87.631453,41.876212
-77.029149,38.902918
8.629585,50.1009
8.63429,50.101713
7.660825,45.090688
4.503629,50.872026
19.055712,47.51796
19.107458,47.448989
2.350664,48.927166
-79.384228,43.644632
-118.256985,34.048275
13.428412,52.452868
-90.195238,38.625536
-118.383778,33.921239
8.495621,47.38338
106.820607,-6.208937
10.810183,59.924726
10.71639,59.942329
-74.007652,40.743136
37.551781,55.805323
-74.173402,40.736844
6.80715,51.219632
-0.018318,51.494644
-0.100964,51.528721
-118.235357,34.058096
30.629527,50.551468
8.666501,50.105084
-89.386996,43.073336
4.665267,52.391165
4.943121,52.299929
6.142697,52.488492
149.133934,-35.251849
103.893828,1.336723
-104.995636,39.745636
37.652576,55.770625
-79.384128,43.644672
114.246038,22.266947
-82.459331,27.947729
-0.27746,51.528788
-0.635545,51.523805
-96.794219,32.787212
-118.25745,34.047335
4.919422,52.333407
-77.462489,39.017808
-95.365882,29.753242
-122.348278,47.619238
-89.406318,43.071309
10.834971,59.938433
12.935775,55.571236
-82.458393,27.949606
5.623903,52.027212
14.53335,50.082018
121.614548,25.042185
6.52852,53.246048
10.04365,53.54799
12.002845,57.731137
-94.581036,39.100941
-121.888457,37.388235
-121.954945,37.378463
26.120789,44.481916
-87.631453,41.876212
4.851132,52.396443
11.06364,49.45341
13.36945,52.50192
-86.171857,39.759366
6.055572,46.232973
139.748106,35.617432
13.36945,52.50192
121.577519,25.073467
8.741764,50.141895
-9.146581,38.756444
101.70634,3.14969
21.005015,52.227718
13.36937,52.46566
17.095572,48.118746
-87.618342,41.85365
-121.973377,37.372818
11.06364,49.45341
-86.255805,41.669526
9.17098,48.70899
13.237136,52.538479
11.55584,48.143056
12.998449,55.606818
30.510193,50.445102
37.607766,55.792351
37.652226,55.771098
30.44867,50.45131
4.923265,52.332165
-117.09123,47.671879
-117.4193,47.658139
-96.819412,32.800748
-87.906937,43.039016
30.509689,50.445241
21.003357,52.227354
-122.014572,37.399589
11.06364,49.45341
11.06364,49.45341
-71.086779,42.367691
4.305055,51.587535
-82.995994,39.963183
-111.895495,33.64465
-0.257425,51.530547
12.519543,55.784385
7.744168,48.60056
-96.794219,32.787212
-74.008299,40.717723
-74.031129,40.796857
-121.920111,37.471809
72.83155,19.020332
12.512156,41.898919
-80.19313,25.775869
-86.778674,36.162626
115.855457,-31.955572
-74.008333,40.717664
-111.976435,33.454411
-122.014482,37.41438
-95.938191,41.257352
-121.978279,37.394031
-84.06101,34.035431
-84.421036,33.777526
-80.379598,25.791541
-71.079763,42.376703
-73.557923,40.7558
-122.29441,47.494136
139.76791,35.686087
139.779481,35.687467
-2.258538,53.37912
8.63461,50.1003
-74.173402,40.736844
-80.190819,26.184971
100.573655,13.769684
-111.858984,33.421225
7.075697,43.604752
-84.391066,33.755807
1.076366,49.428736
12.307179,55.662392
2.081473,48.726927
8.515613,47.186808
-118.255186,34.048428
-96.857296,32.807888
3.767603,50.987659
9.101828,45.478016
144.69439,13.461645
2.411865,48.794732
30.316618,59.934573
4.842911,52.400495
153.100165,-27.57976
23.306259,42.702735
23.369257,42.656338
-77.364541,38.950631
-80.230038,25.797548
-74.004561,40.72
-121.916261,37.405693
27.912757,43.205497
27.473234,42.492929
24.753688,42.13603
-80.192959,25.775811
8.587964,50.097939
18.105656,59.263521
28.827068,40.993532
153.097734,-27.582067
144.953538,-37.807942
138.594121,-34.927233
153.035403,-27.49132
-104.857528,39.560317
-121.931012,37.489879
30.510193,50.445102
103.695359,1.321502
4.929288,51.579078
-77.978325,38.454881
2.362402,48.914183
2.350664,48.927166
5.736655,45.189943
2.241557,48.907073
4.843612,45.729237
-1.550442,47.203142
-1.64368,48.107474
0.686648,47.432609
2.208055,48.783682
-74.173722,40.606231
139.793285,35.645435
24.137042,56.923961
24.124289,56.951976
8.647503,50.105432
9.76883,52.398251
10.048008,53.549318
-68.902463,12.101022
18.420575,-33.918595
-8.597688,41.17794
-108.512531,45.781051
-115.210194,36.059914
26.089852,44.484589
-79.384228,43.644632
14.309852,46.62109
14.315468,46.617463
10.048008,53.549318
24.714942,59.435184
25.287428,54.691637
10.047057,53.550912
24.922446,60.204658
-93.25458,44.971408
8.631763,50.099697
8.598073,50.129995
-46.702253,-23.620044
6.097904,46.207429
-0.62905,51.522463
8.520195,47.38774
30.339978,59.91069
15.969413,45.792436
30.314446,59.935316
2.368248,48.910255
9.992591,56.070062
4.432138,51.923689
28.197517,-26.137957
-111.955031,40.756316
5.705215,52.543666
11.526173,48.139859
9.103571,45.476394
-122.040197,37.420567
20.486357,44.768296
7.487899,51.520894
9.171533,48.708602
14.460483,46.049968
14.488861,46.04225
9.147436,45.448684
9.147319,45.354074
103.920965,1.322589
15.465817,47.043339
-1.54109,53.793329
-74.126752,40.829926
6.113522,49.504919
-112.009445,33.41601
13.31538,38.161167
-76.620065,39.291768
8.744717,50.122376
8.619718,50.102755
144.82036,13.509529
-84.387874,33.758567
30.510193,50.445102
13.37386,52.43269
8.725955,50.116454
-87.954882,42.001171
16.618764,49.196817
26.11423,44.479796
6.767264,52.243834
-118.255186,34.048428
3.417531,6.426645
19.024715,50.261637
-113.607242,37.081472
80.248031,13.065477
9.529839,47.210015
4.886848,52.336612
151.193883,-33.915371
-43.218326,-22.964262
-73.631821,40.722759
114.206315,22.41966
30.3291,59.887231
18.085151,59.339137
14.505232,46.057422
-46.848808,-23.597933
-81.662322,30.331375
6.864338,52.2203
-6.347409,53.411166
1.509438,43.542557
17.961311,52.651023
5.95776,49.648448
-80.130014,26.289687
4.849211,52.392977
8.559163,47.433359
8.211035,47.446496
6.051976,49.49842
10.834971,59.938433
-46.694739,-23.607007
106.831465,-6.216844
29.098025,40.975519
-77.455012,39.022561
5.363598,50.938288
114.119218,22.362284
1.419659,43.618886
9.606018,47.270038
37.694987,55.736661
135.491078,34.695421
1.487312,43.626642
4.038039,50.913149
149.096242,-35.245308
-74.484735,40.556905
8.539895,47.45009
115.850908,-31.952311
115.895888,-31.860071
30.330305,59.983881
-2.933413,53.408775
4.93928,52.303846
-77.48158,39.015966
18.465223,-33.970872
82.927294,55.020421
-104.97913,39.744922
4.679147,51.845913
30.284951,60.031949
4.945054,52.293351
6.086779,49.788326
2.412643,48.901133
13.010659,47.792026
139.803428,35.6567
78.378616,17.43953
73.023588,19.108213
4.77262,45.806778
-0.231872,51.567301
-80.108267,26.387989
-74.007954,40.743209
13.181343,-8.914886
11.13012,49.41013
101.655646,2.913224
-46.827255,-23.5027
30.990127,-29.783372
-115.138297,36.066019
16.353429,48.192998
4.301992,51.855278
4.958019,52.356626
144.956817,-37.817684
4.958827,52.354686
8.74346,50.1399
-46.720519,-23.65071
-123.111935,49.284697
-92.103083,46.785022
-111.888856,40.7609
-84.390928,33.755801
37.577399,55.862351
144.931061,-37.821705
153.029645,-27.465523
4.377522,51.987103
-46.696424,-23.610224
-77.531749,38.747494
5.050569,52.002407
174.696364,-36.750234
-74.156026,4.671384
55.18695,25.02618
55.186405,25.030113
55.186815,25.028007
-114.080105,51.047284
15.943893,45.803311
3.136511,50.584099
-43.217935,-22.904959
-77.463206,39.020131
-77.463564,39.021133
-96.715602,32.966309
-87.962053,41.994269
12.927828,55.574518
12.928058,55.5748
6.107186,46.16541
2.379971,48.775278
-2.310421,53.468674
-81.680462,41.501689
-74.008333,40.717664
-80.005186,40.451062
28.834332,47.021552
5.494271,51.445601
174.78177,-41.27173
24.970015,60.185146
4.496007,52.033382
-84.517262,39.102771
-95.445075,29.728119
-95.556656,29.844182
-96.99766,33.001402
-96.930465,32.991929
-97.69791,30.205925
-88.029567,41.849175
-111.882056,33.270744
114.246387,22.266444
39.875539,57.637389
19.920621,50.070834
138.574222,-34.936744
31.246959,30.145975
4.86519,45.782598
10.048753,53.550542
101.66188,2.917133
8.46174,47.405667
6.57446,46.544786
-74.008299,40.717723
174.764384,-36.854324
101.651988,2.904188
-0.101245,51.523353
4.499556,50.875242
-58.467164,-34.590248
-97.136601,49.896522
-49.350347,-25.470318
-51.184129,-30.023646
17.923317,59.282234
35.035891,-15.796113
-46.635836,-23.545988
-43.1946,-22.954737
-115.145989,36.059162
14.478692,50.083412
-74.173402,40.736844
18.016676,59.289728
151.192942,-33.911776
-121.970705,37.376259
77.207955,28.630933
-79.953097,-2.152709
26.117868,44.484488
-43.217133,-22.529901
13.389075,52.455763
3.683342,51.026812
7.528782,47.201818
144.956726,-37.819171
151.13149,-33.785263
144.956795,-37.817525
6.536082,53.238044
-74.065119,40.784501
23.359572,42.956073
8.764988,53.110922
8.770335,53.075841
10.046769,53.550969
-74.00142,40.71096
-80.192959,25.775811
-97.713716,30.198926
-88.248975,41.875948
-74.025183,40.761802
-51.190773,-30.017148
-71.21957,42.302248
-114.091989,51.043863
-122.677878,45.521436
11.588718,48.188208
73.008884,19.141133
-100.254141,20.567915
11.363497,44.508512
135.495551,34.675774
-0.112216,51.512487
16.593014,49.210343
16.603317,49.20172
-74.007703,40.726868
-3.180582,51.478187
-74.003387,40.741469
-74.173402,40.736844
6.19872,52.717249
-1.762407,53.79512
-82.995434,39.967631
130.841374,-12.455427
-121.962115,37.389466
60.583537,56.839364
60.619669,56.836636
36.237684,49.989444
24.883142,60.153815
24.8144,60.183899
11.592698,48.195477
-3.621211,40.439323
-4.474589,36.694764
4.387171,52.064706
-104.826671,39.561073
1.421353,43.619897
-77.479198,39.000821
5.338429,43.35965
-112.072042,33.452003
-123.119579,49.286981
-73.56192,45.501394
139.765922,35.688354
-104.968212,39.777353
-43.272742,-22.871261
-46.711945,-23.632951
-95.745149,29.794579
7.65169,45.038263
-111.97012,33.395544
-115.130816,36.065272
-76.235342,36.86186
-122.907473,45.548296
-80.38119,25.793016
-86.701721,36.144881
-80.041515,40.452221
-83.261226,42.448537
-84.420099,33.729369
-89.88623,35.038995
-0.014255,51.499234
23.395329,42.668521
11.92851,45.38861
-87.618342,41.85365
115.895935,-31.864402
-86.04275,39.775998
-73.570471,45.497188
-73.567788,45.50234
-81.66242,30.331403
-80.192959,25.775811
23.870251,37.871339
-80.193129,25.775869
36.896534,-1.34014
-0.094369,5.802659
-86.267657,41.667583
-73.567217,45.50255
-113.492601,53.541405
9.101999,45.477926
-98.231633,26.201918
-90.197305,38.629332
144.915458,-37.821681
9.171464,48.708257
72.926288,19.108487
80.27241,13.026469
-74.347384,40.521083
-86.170711,39.759534
-83.259651,42.469879
174.728988,-36.740554
30.510193,50.445102
6.640031,46.517316
21.008976,52.227433
23.165997,53.133716
18.029071,53.132007
18.608418,54.377818
19.024686,50.244417
19.956126,50.072088
19.452131,51.769225
20.490974,53.741309
16.930076,52.409911
17.04044,51.110238
6.473715,53.207462
175.221186,-37.736322
-77.436436,37.698641
135.491429,34.694628
-71.249495,42.528505
-84.353232,30.471969
-77.467703,37.638915
-81.604183,30.254238
-111.984927,40.720873
-104.995636,39.745636
168.314934,-17.755083
-83.238056,42.471634
-82.458383,27.949981
-3.180046,51.478416
-70.67626,-33.357991
-73.815224,41.088318
19.003115,50.253609
174.764518,-36.863902
-75.161752,39.959889
-58.664522,-34.474561
172.632978,-43.546476
174.778334,-41.280572
-43.204392,-22.910096
174.825314,-41.169595
-122.29441,47.494136
174.696796,-36.74478
17.112847,48.151421
21.242394,48.73265
-66.078878,18.416016
-96.819412,32.800748
-6.351995,53.411858
174.779137,-41.274693
135.491696,34.695664
28.140755,-25.927622
-58.379375,-34.606739
29.007279,41.079645
26.118016,44.478323
37.675157,55.720756
-104.846748,39.591303
26.10737,44.434331
13.040322,47.822732
-79.361951,43.650854
-112.098312,33.684671
-49.264947,-16.714319
35.052737,48.457303
-69.662709,18.451241
101.433812,0.514108
-71.219029,42.301316
103.790346,1.29556
-96.819412,32.800748
-0.63804,51.524335
106.824201,-6.23881
5.324426,43.460746
-97.146307,49.892296
17.897369,59.509861
14.521341,50.080497
-77.41381,39.025827
11.435879,47.265059
11.50305,47.277933
72.892742,19.113908
-86.303007,32.37803
138.605516,-34.928703
-93.254494,44.971385
23.757183,61.496478
-97.695071,30.215259
-95.424212,29.945145
-97.700668,30.207107
-74.242258,40.907217
-2.294242,53.466919
114.11861,22.367791
16.339338,48.158717
-77.244177,37.488073
103.746023,1.327759
106.824078,-6.238649
-79.412275,43.641667
-96.819412,32.800748
-96.819412,32.800748
-83.001985,40.116491
-83.001985,40.116491
-84.450172,39.316449
34.858941,32.092304
20.998078,52.184865
-0.46719,39.519555
9.111434,48.738805
-114.056326,51.04551
77.37243,28.513835
-72.575141,42.109443
-122.897906,45.547403
30.341211,59.964973
-121.958865,37.36437
4.414046,51.930144
-104.849813,39.66107
-104.8386,39.559047
-115.101272,36.248009
-122.891445,45.54845
-111.954307,40.756302
-122.917023,45.557854
72.99936,19.168001
80.248491,12.989642
-96.819412,32.800748
144.784854,-37.788296
151.053282,-33.836684
24.02408,49.859853
16.958575,52.443779
16.916251,52.411831
16.920731,52.411442
80.218906,12.84513
-51.235574,-30.030376
28.827056,40.993555
24.777861,60.203031
-111.984927,40.720873
-157.917855,21.335678
114.190485,22.397928
-79.382225,43.64678
-121.947955,37.372597
-43.204381,-22.910131
-118.384725,33.915663
8.974736,45.93245
8.917269,46.023502
30.341896,59.963075
21.122584,52.234782
-96.81955,32.800955
-96.810993,33.064858
-118.343773,34.199865
-87.618252,41.853701
-87.958015,41.99209
-89.297331,43.04802
-93.404156,44.878844
4.768444,52.286093
-77.423889,38.984122
-77.443486,38.980226
-97.041201,32.832196
-105.033374,39.550215
-118.387347,33.917744
-0.018699,51.494704
-74.024685,40.76218
-74.4569,40.554537
-74.173402,40.736844
-117.848727,33.687339
-111.976435,33.454411
-121.969739,37.371485
-121.980961,37.398632
-122.289792,47.491883
-79.754301,43.595054
-79.316434,43.839127
-123.11215,49.284756
153.03099,-27.459649
106.862581,-6.215262
98.653311,3.585095
103.858478,1.295419
104.730769,-2.949704
112.765026,-7.315093
115.183683,-8.636718
-74.004881,40.657808
-123.029619,49.259393
-4.999688,34.037123
9.206011,45.3313
-46.699025,-23.678168
-93.778109,44.624122
-49.267985,-25.435845
-97.14294,49.893607
121.016635,14.560837
-121.970216,37.374919
-77.364545,38.948974
-2.980006,53.395362
-47.154706,-22.850918
-1.469403,47.277659
8.738529,50.12082
106.832439,-6.22642
-54.585134,-25.446945
-9.146581,38.756444
-96.878307,32.837967
-121.987545,37.372036
23.745514,37.973352
2.129779,41.34862
7.207961,51.540276
4.934929,52.3377
-2.238131,53.461506
21.002384,52.15476
-69.064277,12.231573
-87.629937,41.874224
23.774063,38.072494
-111.917795,33.632423
-76.606104,39.287414
-119.76983,39.469306
-81.68395,41.506167
-74.068015,40.787662
-87.858028,41.927017
-122.34811,47.619446
-3.95252,55.834442
47.508453,-18.880804
126.886856,37.581049
-87.642825,41.871616
-21.907063,64.143824
-21.95505,64.139545
30.349414,59.914585
114.26924,22.283346
33.028513,34.684763
-104.891509,39.618102
-111.885739,33.277073
-122.336393,47.619054
-3.691058,40.49048
37.714681,55.771417
37.513331,55.886524
-71.305788,42.629897
147.304308,-42.822507
16.364963,48.178047
-121.953325,37.375823
-88.24276,41.796754
-158.086738,21.335728
-0.623736,51.522042
90.401355,23.744826
8.408124,49.012126
-1.511823,12.37367
15.272854,-4.275768
17.875185,59.390932
37.477039,55.801298
5.71513,45.16847
23.756189,61.494171
12.334859,50.478786
11.015375,49.449514
-113.956677,50.976971
-113.955766,50.992102
-95.416846,29.943168
23.259932,42.677369
23.368103,42.674247
-122.892017,45.547609
-5.948152,37.396502
-93.25458,44.971408
-83.001985,40.116491
151.1893,-33.918198
8.47312,49.02726
139.748312,35.622542
139.748312,35.622542
139.747926,35.622203
139.743937,35.708692
-121.973055,37.3761
9.031736,45.480764
-121.486335,38.646407
-87.668306,41.841895
-96.982993,32.89709
29.00499,41.067835
13.037787,55.598323
9.738366,45.050118
103.968336,1.370929
-87.63327,41.872911
-0.086892,51.524422
-57.52245,-25.337508
-51.207839,-23.284817
-74.003387,40.741469
-6.451204,53.323389
19.003115,50.253609
19.179285,47.485496
9.103571,45.476394
19.896027,50.021202
8.581712,50.126684
-1.630997,47.231428
-1.630997,47.231428
9.731737,52.404131
-61.362385,10.249623
11.573458,48.292458
31.067675,-29.726143
-21.994882,64.048923
174.765412,-36.849346
-94.567238,39.097212
-81.419829,28.427139
17.159861,48.164797
-84.517483,39.098228
-75.378107,40.675013
6.870745,51.184907
-84.391309,33.761611
-70.638764,-33.432081
-70.639285,-33.425016
-70.637041,-33.431629
-64.811639,46.084345
-51.230161,-30.028618
11.732602,48.162154
12.878032,41.481815
-46.762259,-23.523719
-46.730636,-23.645149
-38.518646,-3.753445
-38.460821,-12.979278
127.033997,37.500279
26.133118,44.470942
26.075437,44.415543
-0.202902,5.572623
-84.425712,33.733895
-70.29982,43.658074
-122.683661,45.52306
-122.897906,45.547403
4.724364,50.845244
-122.776398,45.476347
29.91304,31.192996
-74.050276,40.883258
22.865902,40.661276
25.027735,60.341501
-82.988601,39.959803
-82.995858,39.963223
10.718329,59.94362
5.331547,60.381508
10.406142,63.415675
138.593996,-34.926518
11.027557,50.972932
-122.683964,45.531851
-97.6963,30.3421
-81.693321,41.49786
-93.25458,44.971408
-90.195813,38.632728
77.349243,28.533258
77.592581,12.989871
88.390912,22.589379
32.584331,0.313513
144.777769,-37.781684
103.780347,1.443311
144.803322,13.432211
103.892998,1.337098
-123.07043,44.045988
106.824443,-6.238125
138.636154,-34.732838
138.608235,-34.968458
-84.58259,33.74424
13.318852,52.527509
8.74006,50.12162
10.00141,53.6197
-3.664977,40.48699
-0.257425,51.530547
30.493162,50.492695
114.27452,22.290779
100.651345,13.663651
8.583001,50.128105
29.175849,40.993767
-46.717466,-23.64713
114.273784,22.293569
128.000543,26.488389
30.425221,50.447913
-122.293706,47.493087
72.889297,19.114204
-106.625014,52.142463
150.856994,-34.463586
103.890225,1.335367
12.336104,41.806939
128.020567,26.517922
103.874521,1.375301
5.268793,52.364353
-96.7984,32.778287
-96.711345,32.966683
-96.813905,33.08846
-80.005186,40.451062
-111.885833,40.768519
-111.904533,40.480032
-111.905781,40.479891
21.915186,43.321724
-46.863194,-23.466119
3.397881,6.447573
-96.857362,32.807982
-96.657906,33.137525
30.312865,59.935888
-0.140295,51.515786
3.373062,6.597527
-99.255181,19.378255
-104.864707,39.587739
-1.561053,47.196473
8.639651,50.195395
39.288795,-6.813258
28.036968,-26.146144
-93.455473,41.667665
-93.455725,41.666762
-94.471237,39.159195
24.693153,59.45716
25.239697,54.723907
9.103887,45.476177
-111.952418,33.394673
100.559536,13.824855
-106.309928,31.750001
-74.013972,40.705781
-99.152562,19.628098
-99.27421,19.400262
-77.435827,39.027202
25.306727,54.63746
25.270851,54.669364
4.958827,52.354686
101.66188,2.917314
-121.954079,37.37498
4.935572,52.309485
153.0332,-27.453902
80.133915,13.060871
8.587964,50.097939
12.588295,41.909377
-77.47841,39.001795
-77.481851,39.002814
-77.483444,39.002034
-77.487214,39.003285
-77.484108,39.004182
-77.47841,39.001795
-77.459831,39.020901
-77.459125,39.020372
-77.465676,39.017522
-77.466327,39.014286
-2.971513,53.410527
-80.835538,35.221885
-74.125188,40.830886
24.707108,48.919545
30.401316,59.899711
103.701519,1.316745
8.585565,50.127174
121.022368,14.564484
121.068242,14.569766
-38.481912,-3.724437
25.120764,54.611719
35.562222,33.864976
144.875694,-37.708029
100.521613,13.905154
5.458918,51.407417
4.449031,51.875343
-3.574684,40.447968
22.670286,44.643943
12.472807,51.372686
-77.380442,38.962883
-0.08416,51.525318
6.109837,49.579747
-56.102861,-15.594931
-80.93693,35.135366
-80.766017,35.329674
-78.829017,35.84984
39.590389,-4.007737
96.129043,16.850614
8.438646,47.403303
103.860775,1.352088
114.246512,22.266098
9.16158,47.67585
-122.880416,42.332451
-106.652284,35.088555
3.588328,6.449602
-80.191391,25.945524
-68.66674,44.901994
-48.593722,-27.60075
-47.914375,-15.708703
-49.259599,-25.459035
-46.694609,-23.607136
-38.528399,-3.752937
-38.453709,-12.983643
-43.204366,-22.909934
30.317676,59.934875
-111.886948,33.27485
-38.611253,-3.830803
9.393191,0.522265
-38.539102,-3.826032
-122.293712,47.49312
-96.822079,32.958748
-96.657906,33.137525
-34.856902,-7.117382
-103.397993,20.657444
-46.811305,-23.49497
-43.221504,-22.908312
-73.632047,45.457686
-73.426622,45.56699
-44.537674,-23.003748
-34.85349,-7.117801
-51.161235,-23.313586
-95.459024,30.065987
-90.195238,38.625536
-51.129226,-29.686585
-70.57492,-33.559008
5.781152,50.928065
-47.057493,-22.904245
3.87196,43.584674
-70.848318,-33.448022
-70.655821,-33.444436
-38.458008,-3.734787
-48.519641,-27.600595
-95.36435,29.9358
-51.939992,-23.404718
5.763059,59.072683
-34.890139,-8.057746
-44.241686,-2.507399
-49.382787,-20.809693
-77.021441,-12.099418
8.428385,49.091741
8.416388,49.011213
-70.599568,-33.418421
7.020139,51.058625
-77.547069,38.778046
9.590141,45.706417
-46.717418,-23.646549
4.772861,52.282192
8.74229,50.1093
-87.640153,41.870905
-35.213605,-5.837437
10.211689,59.175563
-77.371495,38.948941
18.397755,43.857761
71.436144,51.118427
10.834971,59.938433
7.889861,58.257573
-43.178268,-22.905545
17.949268,59.40984
-119.815715,47.246308
80.593028,16.535323
77.376152,28.624843
-75.910181,45.340247
21.409796,42.004837
21.428031,41.992641
103.771729,1.462955
-114.068889,51.046944
-81.662322,30.331375
112.74282,-7.273023
103.598682,1.435272
106.832834,-6.253714
104.057849,1.130877
119.414281,-5.134783
8.478915,47.187361
-1.627098,48.124785
100.515704,13.725487
100.516202,13.86645
121.576784,25.074213
-71.30702,46.796123
-73.755405,45.486462
-97.649302,35.466482
-6.41635,53.294646
-123.103739,49.264902
18.477196,-34.037364
28.118946,-26.010556
9.447772,47.357522
-49.079004,-26.905736
-158.08691,21.334443
115.877175,-31.949601
89.650988,27.427781
121.017899,14.55664
46.64639,24.71805
37.620877,55.673646
139.766439,35.686676
106.823452,-6.237998
6.069836,50.895608
23.383323,42.673082
24.709027,59.437102
-35.736342,-9.628538
7.671782,45.088155
-84.39141,33.761505
153.03407,-27.455185
-53.808063,-29.686757
-74.052962,40.16059
-66.062245,45.271917
21.319733,46.199254
21.319003,46.174168
23.835249,44.316567
23.594142,46.757258
21.22892,45.747175
13.195175,38.157745
27.603334,47.144244
-79.521681,8.983551
-98.486791,29.429369
150.795479,-33.817341
5.037861,51.695715
5.143087,52.122761
5.932863,51.988021
20.999259,52.226759
17.925825,59.283454
17.956782,59.448549
-74.008306,40.717729
-74.573881,40.58144
8.720745,47.500881
2.218731,48.880555
-51.935422,-23.417925
80.576885,16.422679
-123.111935,49.284697
105.850707,21.018462
-76.973532,-12.094823
-87.966966,41.974047
-77.220473,38.908613
23.802314,38.039974
22.943482,40.633371
174.869687,-36.942191
4.444711,50.855455
80.255634,50.400063
100.818738,13.591247
100.622433,13.736351
100.570072,13.765529
100.550092,13.911017
-77.428691,38.934436
-111.977263,33.452061
103.871462,1.375775
-93.383825,43.633435
5.30465,50.931579
23.593616,46.771099
23.366812,42.679361
153.096127,-27.578018
-97.14578,49.893904
-46.641081,-23.580004
36.749228,-1.35008
6.327622,49.693556
-85.758047,38.245857
110.374811,1.51404
-0.634279,51.525866
-76.620065,39.291768
3.521029,50.380311
-96.657798,32.981068
-77.470655,39.019293
-77.457559,39.02489
72.998855,19.063252
4.210829,52.001194
4.209184,52.001552
-34.891558,-8.063685
14.507117,46.056976
-84.481654,33.925548
12.367818,55.667728
-74.04094,4.680663
-117.836821,33.684675
-84.581852,33.744326
-88.094656,41.802407
-96.68326,33.094894
-96.87274,32.911684
-77.453284,39.021941
30.511353,50.445421
-38.462636,-3.734736
-94.580005,39.13335
20.398723,44.811291
-0.018273,51.4946
4.399495,51.264077
73.866068,18.604032
80.278869,13.068351
80.167437,13.132032
88.392964,22.588218
78.377811,17.441478
77.725643,12.98123
77.237609,28.5414
77.240201,28.541514
77.208372,28.629954
72.831062,19.021325
115.86819,-31.95009
151.125301,-33.785125
28.278459,-26.074142
151.206146,-33.880536
151.127275,-33.780842
-48.426014,-1.362778
104.92752,11.548006
103.875089,1.376119
-9.098127,38.747404
80.55841,16.421067
23.775938,61.497788
4.888465,45.740044
115.183362,-8.636464
-79.412275,43.641667
21.01981,52.223397
39.2422,-6.7695
29.014039,41.076145
-122.247527,47.420627
23.401498,42.67572
24.775753,60.203959
20.920738,52.189965
-96.768421,33.015681
-51.204482,-30.029477
-82.943999,40.123627
-66.05873,18.43004
5.765145,53.204849
5.760613,53.192575
-86.821129,33.49959
112.769502,-7.316056
57.49181,-20.245227
-76.606434,39.287345
10.03825,53.550998
144.773648,-37.800397
150.881654,-33.799327
-66.097022,18.465015
-76.97314,-12.087361
-50.103436,-25.089498
-96.832308,46.864784
126.8907,37.580228
7.028807,51.528185
72.901441,19.109353
-3.62408,40.433899
8.48535,50.063868
69.272965,41.29756
103.722566,1.32578
6.791128,52.267645
-87.941522,41.845343
174.762611,-36.882762
172.635694,-43.531858
26.26399,50.61275
-63.625857,44.655879
-117.419213,47.658366
-84.423585,33.731803
-46.777232,-23.492259
-46.777232,-23.492259
-46.777232,-23.492259
37.721089,55.736262
-1.499937,12.304813
-82.992615,39.966878
4.871514,45.771937
139.767782,35.687803
8.350287,49.42065
8.360248,49.42591
12.837561,48.032333
110.394697,-7.778945
115.188406,-8.681289
-77.470655,39.019293
126.879733,37.482096
-1.15645,37.97101
-90.621185,41.548129
-92.330614,42.488836
-81.640921,38.353138
47.974857,29.368048
47.974857,29.368048
112.74313,-7.272863
8.585565,50.127174
-111.89881,33.345546
-96.676434,33.009295
-112.110606,33.658881
88.449542,22.582097
9.97477,53.64479
-122.927173,45.55717
24.023731,49.836957
-97.258448,32.988738
-80.836747,35.222101
90.404047,23.793831
29.103938,37.738157
77.662274,12.839551
77.757878,13.038333
104.048442,1.118673
69.271252,41.315984
36.813223,-1.299937
-56.076266,-15.568165
-93.212181,37.231398
-123.029619,49.259393
51.437444,25.325315
-76.977432,-12.12544
20.465182,44.800421
-53.459599,-24.954365
8.76863,53.08495
82.924549,55.033007
13.197341,-8.958489
87.116379,53.769587
24.877708,60.215932
138.589214,-34.923252
106.824488,-6.238475
107.089244,-6.299731
107.089244,-6.299731
107.089244,-6.299731
14.557774,46.094644
8.307292,47.060198
28.825876,40.993582
-73.80085,45.475074
-49.232784,-25.447474
10.79209,52.42821
-38.551995,-3.781599
6.001603,52.24703
-3.605486,40.565558
4.063736,49.235186
-54.620926,-20.470631
-95.417308,29.943078
-96.373773,30.674256
-110.95415,32.1723
-81.522183,41.057108
26.118948,44.490023
-76.852414,-12.294672
-96.819412,32.800748
-1.500107,55.016869
-1.500107,55.016869
39.725644,47.295856
-54.598336,-20.447784
2.208056,48.783672
114.274638,22.293004
103.893284,1.339068
114.206078,22.389451
-100.277833,20.556925
-86.013927,40.045407
-112.009445,33.41601
-84.387735,33.775499
26.12429,44.392699
11.330275,46.48192
-79.384128,43.644672
-81.629367,41.133097
-38.362818,-12.904138
8.495221,55.510081
15.278608,-4.316695
-122.67918,45.521056
114.136576,22.367627
-76.679891,39.213809
-80.835313,35.222114
-80.927807,35.173088
-122.34811,47.619446
114.109711,22.374362
151.1893,-33.918198
4.686739,52.290393
145.184961,-37.948203
106.786656,-6.591422
35.313241,36.975934
-106.648933,35.084508
-73.80085,45.475074
-106.653315,35.09252
9.73827,47.488633
103.891678,1.323963
90.401628,23.791599
-112.053638,33.298287
-118.368733,33.889248
-121.97175,37.377388
-87.640966,41.86255
151.194672,-33.872342
-74.926933,11.022045
4.936938,51.576174
35.214124,31.9176
139.792362,35.639737
-87.957678,41.99418
-96.844732,33.021668
-96.853694,32.980107
-60.705592,2.819289
-78.482787,-0.175776
-84.18862,9.935204
4.414574,51.263067
107.081975,-6.30895
106.718643,-6.27672
60.644975,56.824749
106.824102,-6.238765
-80.354555,25.787849
106.789977,-6.110029
17.143474,60.676748
78.341596,17.418749
12.49799,56.916063
-94.577558,39.136878
-94.578645,39.137389
-121.328535,44.047402
9.696225,4.056759
103.970622,1.372745
12.30131,51.33973
13.61844,52.51407
25.986021,44.442196
-1.762567,53.795297
144.834149,13.51582
11.991916,57.745114
28.138418,-25.930536
149.13536,-35.2085
-85.672784,42.825389
-83.235001,42.467035
-83.133589,40.093185
-118.304002,33.850864
-43.44514,-22.99121
12.519543,55.784385
-81.379455,28.534496
16.982936,51.111927
-106.652526,35.088935
8.583001,50.128106
114.135528,22.368466
-71.080419,42.377932
-68.084857,-16.544947
106.862581,-6.215262
-116.794444,47.700339
8.887672,47.562428
-113.996727,51.087137
-73.745578,45.488966
12.503993,41.66855
-122.99724,49.254309
31.020704,30.067903
-84.391243,33.755851
-119.811358,39.522999
-77.031169,38.903404
-118.235929,34.058703
104.936884,11.544565
2.230662,41.427287
104.899243,11.564379
114.274434,22.286761
8.768254,53.084146
73.023588,19.108213
73.024444,19.109778
30.493162,50.492695
176.136227,-37.683274
174.782895,-41.295002
172.545222,-43.523518
7.418903,51.535359
106.824078,-6.238649
28.932303,41.037555
-93.625422,41.585529
-116.310153,43.60801
-71.526944,-16.38768
72.890391,19.114685
72.890391,19.114685
4.7167,52.384502
44.787114,41.723259
14.203892,40.968273
-21.876754,64.135893
33.435044,49.128041
-21.873351,64.133258
4.36895,50.822938
106.824436,-6.239711
39.700135,-4.042095
28.163056,-25.91459
10.885255,59.935366
-123.092459,44.050388
-101.839148,35.205583
-90.482459,41.550323
-121.309509,44.060152
-0.196388,5.60706
127.1245,37.413489
73.11336,18.996228
6.820988,52.216301
9.726006,4.059685
11.512948,3.86758
25.468253,65.012644
8.463413,47.483401
-3.647835,40.535051
-34.91045,-8.055171
-121.956248,37.378892
-96.711986,32.96547
-70.698888,-33.356628
16.976879,52.378181
16.928119,52.401079
-123.111602,49.284512
103.702268,1.31683
75.872266,22.685824
4.448025,51.953104
5.104366,52.018332
106.824227,-6.238456
9.038363,45.475395
121.020161,14.539221
123.906754,10.331047
-104.762172,39.762718
57.49181,-20.245227
6.955457,49.240384
98.686657,3.569934
20.923171,44.014742
-74.142495,4.751808
-84.425652,33.734567
-87.920916,41.854051
-93.25458,44.971408
-86.172235,39.759374
-118.255358,34.047948
-117.842407,33.687905
-111.885259,33.273916
-111.90496,40.481315
-111.904275,40.480867
109.24472,-7.412956
-48.08321,-15.83465
35.010403,29.532079
30.53927,50.45026
26.058284,44.484116
103.76285,1.460311
27.981643,45.276552
9.653239,52.906968
-34.907091,-8.114813
121.01753,14.646129
106.816077,-6.202663
112.745216,-7.2762
-49.254228,-25.434845
13.08283,47.706159
-76.964486,39.05867
-51.171375,-29.165828
-88.217055,41.772203
-51.182641,-30.027268
30.399424,50.433039
30.41337,50.49087
30.468758,50.431435
-89.654297,21.039473
100.613932,13.756468
-66.807136,10.492982
-0.611387,44.89582
28.140551,-25.920656
135.510335,34.669801
14.532491,50.063937
107.611376,-6.916764
126.879733,37.482096
81.329452,21.206439
35.126177,47.845672
3.430645,6.455857
77.038164,28.468586
77.081353,28.629393
72.969051,19.203306
73.12922,19.240091
24.0128,49.829184
17.341271,62.394687
-1.498477,12.315818
20.923171,44.014742
21.474948,41.995087
-46.725456,-23.653242
-47.910974,-15.789087
-47.885663,-15.788525
-51.1911,-30.034458
-49.281141,-25.424768
-73.564564,45.498905
-121.961738,37.365431
125.546787,7.056101
-48.340503,-10.182018
-48.334105,-10.21677
32.694135,0.358071
-123.108702,49.283527
-37.068584,-10.944059
-48.453077,-1.316392
-48.490851,-1.452889
-43.937308,-19.919973
-43.923669,-19.942111
3.415752,6.410497
-47.957295,-15.8029
-47.869808,-15.783974
-47.914375,-15.708703
-47.947875,-15.797577
-47.057459,-22.900974
-47.062779,-22.817439
-53.45063,-24.987764
-53.444846,-24.94549
-51.183052,-29.168144
-49.257395,-25.417061
-49.272183,-25.413608
-70.704955,-33.337316
-48.499814,-27.587402
-48.633269,-27.608476
-38.453857,-3.741857
-49.26442,-16.714439
-51.203821,-23.326811
-51.954833,-29.44453
-93.436798,44.97197
24.170101,56.991349
-60.014328,-3.120493
-60.008626,-3.089192
-51.208078,-30.02912
-51.184129,-30.023646
-43.188142,-22.900642
-53.718371,-29.721549
-46.721256,-23.56174
-46.677678,-23.599544
-46.728887,-23.648726
-46.712391,-23.632891
-46.685078,-23.59912
-46.689351,-23.574408
-46.646687,-23.563686
-46.690693,-23.592622
-40.296617,-20.313323
-40.308272,-20.311241
2.032896,41.324942
-96.403951,42.498104
166.469873,-22.247677
-96.821074,32.801347
26.799279,46.291668
78.050387,30.32434
80.277952,26.49773
81.012758,26.867327
-70.701603,-33.297395
-89.737403,30.287098
74.342492,31.475643
8.773821,53.076886
11.014413,49.454129
106.824549,-6.239071
-70.261202,43.657789
8.58628,50.097357
106.820428,-6.235005
101.448132,0.524983
90.386276,23.751135
115.796417,-31.955087
144.935552,-37.832704
20.35375,44.86075
3.234204,51.16641
26.996475,49.441563
135.503243,34.698469
16.80333,41.109552
174.764026,-36.854203
-0.00339,51.507041
100.651745,13.663254
-60.023892,-3.138094
106.8144,-6.61435
151.185033,-33.819344
144.865473,-37.803671
-85.513729,32.601054
-68.099568,-38.952432
-60.643041,-32.945365
-62.275343,-38.693755
-68.845426,-32.883969
-60.703588,-31.634623
-57.942618,-34.908034
-57.546243,-37.997176
-55.887794,-27.434592
-71.24169,-41.124884
-65.039215,-42.764453
-66.341561,-33.291035
-60.949997,-34.585269
-60.439673,-26.789357
-65.324644,-24.179446
-59.138734,-37.328708
-58.982843,-27.464967
-62.993928,-40.809048
-65.391845,-24.73996
-69.251912,-51.622093
-64.481686,-32.625751
-60.565484,-33.896871
-58.794308,-34.447653
-88.01368,41.988567
104.055194,1.130722
106.811076,-6.610119
-82.995994,39.963183
-60.01181,-3.115364
151.841681,-27.537233
24.561308,59.386898
115.916069,-32.059655
-116.290797,43.579984
115.275916,-8.640168
13.197341,-8.958489
13.370207,52.440344
100.778057,13.609313
88.436278,22.569577
-2.296669,53.504022
-1.631011,47.231464
3.15676,50.700168
-76.508399,3.446868
-62.823252,17.907106
114.938569,4.893903
23.369257,42.656338
23.369257,42.656338
12.629473,41.932742
39.138468,21.746348
150.83814,-33.817281
150.83814,-33.817281
150.83814,-33.817281
150.83814,-33.817281
135.530897,34.693246
-60.012623,-3.106199
121.059179,14.264356
-43.214564,-22.904367
81.012758,26.867327
123.931728,10.336793
125.6104,7.072801
-87.85877,41.928621
174.663258,-36.611672
174.636853,-36.803028
13.61756,52.513685
-84.453611,33.895445
106.864,-6.25159
-40.270879,-20.221521
8.6568,50.00253
140.104687,35.800503
138.531462,-34.908936
106.816168,-6.210889
106.786144,-6.290823
106.825258,-6.239248
28.671267,41.048791
83.370172,26.755813
-70.655784,-33.444046
-71.083703,-34.429019
152.898655,-27.681733
87.86958,23.249819
87.345851,23.518222
73.17325,22.31036
77.081243,28.494032
75.86528,22.752445
77.361843,23.301266
72.51403,23.041238
91.786092,26.185805
88.392604,22.588914
9.71927,47.553064
-73.992722,5.012069
72.897744,19.121328
72.998648,19.063309
73.825736,15.500517
20.848805,52.210771
80.248444,13.00609
80.278493,13.069292
77.381149,28.620251
-73.869447,45.44577
-73.565488,45.502357
-79.384228,43.644639
-79.384055,43.64743
-79.53699,43.601368
-79.23974,43.820682
-79.670164,44.337608
73.515076,4.177914
-122.676541,45.261026
119.44173,-5.136896
85.110078,25.628102
110.71923,-7.541058
51.453699,25.238965
12.335009,41.787652
13.2251,55.716839
3.498124,6.424183
-70.649189,-33.43542
-70.689108,-33.387962
28.861046,40.982473
106.174048,-6.11942
104.748297,-2.951569
73.173267,22.31034
4.504025,50.873683
4.504025,50.873683
-51.214206,-30.020302
105.283458,-5.402546
110.374564,-7.781889
103.604559,-1.612567
101.44471,0.53647
101.368507,0.433267
107.616148,-6.920441
-88.634104,37.09402
-51.120506,-29.985864
-51.207881,-30.029201
6.527313,53.244613
107.089244,-6.299731
101.396559,0.470118
18.638972,54.383947
18.459429,54.459223
-89.584721,40.738991
-93.631042,41.5879
76.97974,10.996028
-59.976028,-3.004277
72.819144,21.181279
70.790579,22.293421
72.525576,23.074645
73.754627,20.002902
79.085532,21.142105
81.656264,21.225554
79.909205,23.182624
85.896562,20.466632
101.049255,13.443015
100.539009,13.725144
7.737083,48.520417
4.45416,50.881447
-124.28091,42.051179
107.254362,-6.404877
107.254362,-6.404877
6.195148,52.238674
6.025796,52.200471
4.86353,52.395257
-2.324106,53.46131
-38.618587,-3.739784
135,-82.862752
80.219345,12.826015
100.524121,13.734963
-43.353842,-22.799883
135,-82.862752
22.868155,40.65723
-34.916676,-8.053432
80.219345,12.826015
29.088364,40.268007
106.877179,-6.441178
78.343068,17.461865
85.833282,20.272076
76.768877,30.719931
76.948057,8.498169
75.833388,30.901902
85.324759,23.351496
75.58285,31.320923
25.574114,-33.9508
78.355122,17.459932
8.640094,50.196109
79.413517,28.354371
36.889166,-1.332149
100.57305,13.75161
120.281537,23.100495
120.608322,24.204137
120.995793,24.782524
73.024247,19.171907
121.036511,14.45675
8.90048,44.408474
-91.115571,30.452287
29.061631,40.258739
-46.777629,-23.49128
-74.107237,4.657618
106.824443,-6.238125
106.828136,-6.255894
121.434,30.99
-43.99296,-19.998807
-44.062243,-19.931735
-51.051317,-29.992443
12.54552,55.676358
151.131858,-33.786752
107.616701,-6.922041
110.37514,-7.78236
77.48342,28.55235
5.406428,51.475777
-75.573769,6.216228
-74.155782,4.671921
-44.024492,-19.929073
106.690627,-6.159053
114.272624,22.285605
8.727571,47.503127
-3.624212,40.439748
6.113522,49.504919
6.113522,49.504919
112.74282,-7.273023
115.205088,-8.678272
112.648076,-7.943487
8.918518,44.42589
112.414072,-7.432079
-3.623048,40.438822
-58.790645,-34.632822
13.704345,51.008853
107.201313,-6.373337
-111.887967,40.511814
77.441273,28.675216
77.284699,28.639031
11.005389,49.45367
-73.048431,-36.815773
14.245272,40.832179
100.632435,13.757295
100.547893,13.731617
2.352084,48.92817
-122.866777,45.546391
-87.954079,43.044331
100.286772,5.325826
-80.333581,25.793318
-51.198149,-30.002768
-47.891871,-15.796123
-71.558436,-33.135779
-8.815555,37.935144
90.407997,23.770507
2.209191,48.78425
30.268295,59.913072
18.099234,59.335552
-9.240992,38.718661
-81.695218,38.366315
14.321438,41.0664
138.607879,-34.925645
-2.308577,53.476918
-123.111935,49.284697
144.807371,13.500799
106.833808,-6.227258
-73.146839,44.448637
24.33744,42.19168
26.526461,43.532612
24.617276,43.413485
85.31964,27.691452
4.209414,52.001434
55.1867,25.0265
67,24.8607
-89.640447,20.953323
8.25,53.14
13.795287,45.689061
-66.105707,18.416445
18.679126,-33.907319
110.419645,-7.019279
106.867617,-6.243484
12.631848,41.931345
-54.628016,-25.500688
-74.008306,40.717729
-54.610666,-25.51386
106.75631,-6.217649
114.617483,-3.337613
116.861696,-1.220361
115.218488,-8.655012
24.024308,49.859642
101.651829,2.904539
107.178214,-6.375721
-93.625422,41.585529
-94.712431,38.986502
139.786182,35.691021
-59.022318,-34.102757
-72.596044,-38.742672
-121.969463,37.375358
-72.577032,42.110287
106.835222,-6.213875
13.73231,51.03888
-149.890871,61.208966
-40.390571,-20.336156
-70.611168,19.340213
112.748766,-7.266309
90.235979,24.064969
28.1984,-26.1562
72.890131,19.114468
77.43574,28.594001
139.747749,35.632661
-77.452284,39.024202
11.768818,48.158529
28.942803,47.061825
28.761177,47.042599
-3.658841,40.467654
-3.659262,40.464784
106.822789,-6.234898
39.21251,21.46466
46.80735,24.9016
-82.68065,37.596989
106.171641,-6.117541
72.892808,19.113556
-70.872931,-53.046676
26.26392,50.612729
145.133113,-37.918486
151.191425,-33.818723
106.82375,-6.238342
121.081342,14.268688
126.893997,37.599421
23.848593,56.975473
26.534331,55.872285
21.002174,56.513365
21.56719,57.39304
126.887341,37.479416
121.577749,25.062689
-78.726568,35.78812
27.899987,43.225225
96.112857,16.842829
-76.150348,43.050221
30.510077,50.445416
30.33271,50.46436
-75.163734,39.962369
18.011313,59.275306
-54.63157,-25.407054
105.3481,37.64
120.255127,30.2098
121.8613,30.988
